date,7201,7203,7261,7267,7270
2017/1/4,1201.5,7097,1975.5,3571,4991
2017/1/5,1199.5,7049,1943,3569,4966
2017/1/6,1173,6930,1881.5,3501,4934
2017/1/10,1170.5,6861,1855,3462,4858
2017/1/11,1172,6912,1860.5,3471,4874
2017/1/12,1159.5,6845,1833,3457,4803
2017/1/13,1160,6882,1860.5,3446,4838
2017/1/16,1153,6827,1825.5,3445,4779
2017/1/17,1141,6719,1796.5,3353,4670
2017/1/18,1155.5,6736,1800.5,3403,4755
2017/1/19,1155.5,6855,1808,3488,4825
2017/1/20,1150.5,6801,1813,3492,4817
2017/1/23,1135,6690,1770,3432,4750
2017/1/24,1122,6579,1730,3375,4679
2017/1/25,1134,6706,1729.5,3450,4730
2017/1/26,1146,6764,1729,3502,4757
2017/1/27,1140.5,6704,1736.5,3484,4818
2017/1/30,1135.5,6705,1734,3485,4730
2017/1/31,1119,6584,1668,3387,4540
2017/2/1,1112,6546,1639,3415,4470
2017/2/2,1112.5,6430,1625.5,3417,4370
2017/2/3,1125.5,6445,1594.5,3423,4348
2017/2/6,1120,6493,1567.5,3493,4333
2017/2/7,1123,6346,1556,3541,4329
2017/2/8,1132.5,6385,1549,3574,4392
2017/2/9,1109.5,6255,1519.5,3504,4229
2017/2/10,1125.5,6446,1589.5,3605,4409
2017/2/13,1126,6491,1604,3650,4454
2017/2/14,1117,6454,1583.5,3600,4355
2017/2/15,1127,6491,1610.5,3631,4383
2017/2/16,1123.5,6457,1601,3609,4344
2017/2/17,1116.5,6400,1591.5,3586,4275
2017/2/20,1116.5,6432,1588.5,3574,4282
2017/2/21,1116.5,6478,1620.5,3596,4322
2017/2/22,1118.5,6503,1623.5,3619,4290
2017/2/23,1112,6498,1604,3570,4292
2017/2/24,1112,6448,1601.5,3553,4276
2017/2/27,1105,6406,1573.5,3498,4229
2017/2/28,1106,6365,1576,3489,4207
2017/3/1,1120.5,6466,1649,3521,4345
2017/3/2,1124,6470,1627.5,3543,4391
2017/3/3,1127.5,6455,1610,3557,4408
2017/3/6,1139.5,6444,1614,3536,4409
2017/3/7,1150.5,6430,1620,3557,4373
2017/3/8,1147,6370,1606,3537,4397
2017/3/9,1141.5,6434,1619,3542,4355
2017/3/10,1158,6520,1674,3595,4415
2017/3/13,1157.5,6530,1666.5,3554,4453
2017/3/14,1156,6454,1674.5,3536,4454
2017/3/15,1157.5,6475,1669.5,3574,4435
2017/3/16,1137.5,6453,1651.5,3556,4430
2017/3/17,1132,6377,1618.5,3534,4349
2017/3/21,1138,6373,1622.5,3542,4312
2017/3/22,1115,6161,1578,3413,4120
2017/3/23,1116.5,6160,1594.5,3434,4156
2017/3/24,1126,6229,1599,3440,4181
2017/3/27,1124,6158,1558.5,3390,4114
2017/3/28,1134,6218,1588,3403,4205
2017/3/29,1114,6124,1595,3436,4157
2017/3/30,1087.5,6111,1590.5,3395,4140
2017/3/31,1073.5,6042,1603,3351,4083
2017/4/3,1071,6046,1581,3351,4078
2017/4/4,1040,5984,1532,3262,4013
2017/4/5,1026.5,5909,1515,3210,3967
2017/4/6,1009.5,5810,1493,3148,3864
2017/4/7,1010.5,5832,1502,3157,3941
2017/4/10,1018,5896,1531.5,3182,4026
2017/4/11,1020.5,5910,1537,3182,4080
2017/4/12,1009,5798,1493,3131,3924
2017/4/13,1010.5,5731,1473,3135,3914
2017/4/14,1012,5798,1472,3117,3921
2017/4/17,1010.5,5759,1463,3099,3903
2017/4/18,1019,5757,1481,3098,3945
2017/4/19,1019.5,5695,1489.5,3061,3919
2017/4/20,1032,5754,1503.5,3077,4010
2017/4/21,1036,5855,1537,3115,4102
2017/4/24,1039.5,5887,1550.5,3165,4140
2017/4/25,1057,6000,1578,3189,4134
2017/4/26,1075,6154,1636,3256,4264
2017/4/27,1059.5,6117,1646.5,3245,4279
2017/4/28,1058.5,6035,1634,3232,4212
2017/5/1,1064.5,6042,1587.5,3245,4240
2017/5/2,1076.5,6143,1603,3235,4283
2017/5/8,1085,6235,1634,3261,4256
2017/5/9,1079,6135,1600.5,3205,4099
2017/5/10,1075,6081,1601.5,3230,3982
2017/5/11,1075,6123,1594.5,3250,3995
2017/5/12,1107.5,6047,1578,3199,3945
2017/5/15,1091.5,6009,1580,3194,3860
2017/5/16,1103,6093,1555,3167,3922
2017/5/17,1109.5,6034,1545.5,3135,3881
2017/5/18,1091.5,5930,1511,3065,3800
2017/5/19,1093.5,5965,1532,3050,3812
2017/5/22,1090,5997,1542,3085,3812
2017/5/23,1074,6000,1527,3069,3768
2017/5/24,1078.5,6001,1533.5,3135,3801
2017/5/25,1081.5,5985,1530,3095,3814
2017/5/26,1076,5941,1523,3058,3783
2017/5/29,1074,5970,1514,3064,3767
2017/5/30,1074.5,5981,1519.5,3073,3782
2017/5/31,1061.5,5932,1510,3117,3745
2017/6/1,1069,5989,1522,3112,3770
2017/6/2,1098,6092,1558,3194,3917
2017/6/5,1080,5968,1517,3117,3802
2017/6/6,1068,5910,1521.5,3112,3782
2017/6/7,1074,5902,1542.5,3098,3791
2017/6/8,1076,5806,1520,3068,3753
2017/6/9,1076.5,5838,1531,3075,3737
2017/6/12,1077,5880,1526.5,3066,3713
2017/6/13,1075,5874,1531.5,3057,3711
2017/6/14,1081,5859,1526,3064,3716
2017/6/15,1079,5794,1498.5,3057,3694
2017/6/16,1081.5,5794,1512.5,3077,3717
2017/6/19,1072,5787,1494,3066,3690
2017/6/20,1071.5,5809,1498.5,3066,3705
2017/6/21,1067.5,5840,1496.5,3067,3696
2017/6/22,1070,5877,1499.5,3045,3672
2017/6/23,1079,5860,1511,3061,3648
2017/6/26,1081,5838,1511,3065,3665
2017/6/27,1085,5876,1525,3074,3672
2017/6/28,1100.5,5904,1549,3073,3728
2017/6/29,1111.5,5910,1556.5,3084,3799
2017/6/30,1118,5893,1568,3064,3786
2017/7/3,1117,5950,1560,3067,3849
2017/7/4,1128.5,6060,1590,3128,3946
2017/7/5,1148,6154,1605,3150,4092
2017/7/6,1142,6134,1608.5,3102,4069
2017/7/7,1146.5,6157,1629,3087,4086
2017/7/10,1152,6187,1620,3104,4118
2017/7/11,1154.5,6263,1623.5,3104,4144
2017/7/12,1148,6225,1609.5,3103,4167
2017/7/13,1145,6210,1584.5,3091,4124
2017/7/14,1150.5,6258,1608,3134,4141
2017/7/18,1142,6180,1600,3096,4063
2017/7/19,1128.5,6128,1588,3091,4046
2017/7/20,1140,6150,1606.5,3099,4044
2017/7/21,1136,6126,1597.5,3076,4019
2017/7/24,1130,6079,1585.5,3042,4006
2017/7/25,1130,6107,1588,3066,3996
2017/7/26,1141.5,6186,1672,3081,4045
2017/7/27,1155,6250,1663,3080,4044
2017/7/28,1107.5,6228,1661,3077,4026
2017/7/31,1096,6234,1664.5,3108,3994
2017/8/1,1098,6300,1665.5,3127,4016
2017/8/2,1093.5,6300,1639.5,3214,3996
2017/8/3,1091,6225,1642.5,3185,3930
2017/8/4,1085.5,6216,1688.5,3125,3920
2017/8/7,1091,6339,1711.5,3127,3979
2017/8/8,1090.5,6336,1689,3109,3990
2017/8/9,1085,6236,1669,3072,3941
2017/8/10,1088,6275,1664,3078,3951
2017/8/14,1080.5,6180,1630.5,3031,3906
2017/8/15,1100,6275,1650.5,3056,3952
2017/8/16,1109,6194,1645.5,3062,3985
2017/8/17,1103.5,6175,1630,3043,3936
2017/8/18,1098.5,6125,1615.5,3020,3891
2017/8/21,1095,6163,1593.5,3009,3859
2017/8/22,1092,6138,1598,3022,3878
2017/8/23,1090,6173,1592.5,3027,3887
2017/8/24,1082.5,6107,1592,3034,3884
2017/8/25,1082.5,6158,1607,3053,3911
2017/8/28,1081,6126,1597,3045,3828
2017/8/29,1085.5,6090,1588,3040,3833
2017/8/30,1087.5,6151,1594.5,3040,3832
2017/8/31,1093,6183,1619,3081,3856
2017/9/1,1096,6182,1619,3096,3838
2017/9/4,1092,6169,1584.5,3050,3845
2017/9/5,1092.5,6219,1569.5,3057,3838
2017/9/6,1086,6165,1554,3036,3804
2017/9/7,1092.5,6235,1559,3079,3842
2017/9/8,1089.5,6220,1543,3070,3812
2017/9/11,1099.5,6296,1569.5,3119,3864
2017/9/12,1115,6361,1590,3188,3878
2017/9/13,1128.5,6417,1608,3218,3894
2017/9/14,1127,6431,1596.5,3216,3865
2017/9/15,1129,6480,1623.5,3245,3866
2017/9/19,1153,6729,1659,3294,3980
2017/9/20,1153.5,6703,1660.5,3310,4012
2017/9/21,1158,6738,1685.5,3331,4053
2017/9/22,1152,6733,1682.5,3352,4039
2017/9/25,1155.5,6784,1686,3362,4062
2017/9/26,1159,6815,1693,3360,4070
2017/9/27,1128.5,6748,1688,3354,4065
2017/9/28,1115.5,6769,1740,3362,4083
2017/9/29,1114.5,6710,1725,3332,4060
2017/10/2,1084.5,6701,1718,3350,4070
2017/10/3,1102.5,6747,1743.5,3387,4104
2017/10/4,1089.5,6730,1734,3370,4007
2017/10/5,1086,6784,1712.5,3388,3985
2017/10/6,1091.5,6889,1730,3395,4005
2017/10/10,1089,7000,1707,3405,3972
2017/10/11,1085.5,6932,1673,3401,3933
2017/10/12,1089.5,6925,1657.5,3407,3952
2017/10/13,1085,6897,1620.5,3387,3961
2017/10/16,1083,6881,1607.5,3400,3963
2017/10/17,1086,6935,1614,3427,3981
2017/10/18,1087,6986,1607,3432,3987
2017/10/19,1096,6980,1600.5,3455,3984
2017/10/20,1079,6999,1597,3428,3975
2017/10/23,1097,6981,1610.5,3471,3980
2017/10/24,1093,7028,1625.5,3493,4040
2017/10/25,1090,6988,1623.5,3488,4039
2017/10/26,1099.5,7032,1636.5,3508,4075
2017/10/27,1101.5,7073,1637.5,3536,3969
2017/10/30,1108,7077,1636.5,3542,4006
2017/10/31,1098.5,6990,1622,3523,3888
2017/11/1,1109,7038,1633.5,3576,3929
2017/11/2,1111.5,7155,1653,3762,3917
2017/11/6,1108.5,7169,1582,3829,3811
2017/11/7,1111,7183,1585.5,3837,3778
2017/11/8,1118.5,7254,1577.5,3836,3702
2017/11/9,1096,7166,1562,3786,3710
2017/11/10,1093,7108,1558,3768,3661
2017/11/13,1082.5,7132,1552.5,3722,3632
2017/11/15,1072,6960,1538,3620,3594
2017/11/16,1064.5,6962,1517.5,3660,3622
2017/11/17,1070,6917,1522.5,3670,3611
2017/11/20,1067.5,6931,1522,3687,3567
2017/11/21,1071.5,7028,1516,3701,3629
2017/11/22,1071,7079,1512,3715,3670
2017/11/24,1077.5,7023,1502,3688,3646
2017/11/27,1076.5,7026,1494.5,3675,3634
2017/11/28,1076,7038,1474.5,3713,3618
2017/11/29,1084,7052,1488.5,3721,3665
2017/11/30,1088,7044,1503,3744,3669
2017/12/1,1089,7051,1500,3775,3692
2017/12/4,1091,7008,1492,3787,3661
2017/12/5,1091,6997,1500.5,3767,3636
2017/12/6,1084,6878,1473,3723,3609
2017/12/7,1079,6932,1478.5,3756,3645
2017/12/8,1085.5,7017,1480,3773,3665
2017/12/11,1093.5,7047,1500.5,3789,3703
2017/12/12,1100.5,7041,1521,3806,3701
2017/12/13,1104.5,7080,1523.5,3834,3709
2017/12/14,1099.5,7096,1515,3821,3711
2017/12/15,1096.5,6966,1500.5,3782,3672
2017/12/18,1101.5,7162,1510.5,3830,3712
2017/12/19,1107.5,7194,1505.5,3889,3742
2017/12/20,1111.5,7250,1505,3890,3478
2017/12/21,1117,7288,1498.5,3894,3508
2017/12/22,1120.5,7282,1501.5,3899,3538
2017/12/25,1128,7282,1501,3929,3530
2017/12/26,1127.5,7253,1498,3910,3550
2017/12/27,1127,7274,1515,3895,3585
2017/12/28,1124.5,7221,1508,3866,3571
2017/12/29,1123.5,7213,1511.5,3862,3583
2018/1/4,1134,7413,1537.5,3986,3613
2018/1/5,1149,7552,1562.5,4021,3690
2018/1/9,1156.5,7541,1573,4010,3679
2018/1/10,1156.5,7706,1584,4102,3690
2018/1/11,1157.5,7629,1583.5,4026,3712
2018/1/12,1148.5,7578,1579.5,3968,3692
2018/1/15,1150,7653,1574.5,3981,3710
2018/1/16,1154.5,7733,1589,3989,3807
2018/1/17,1149.5,7782,1586,4019,3791
2018/1/18,1145.5,7698,1571.5,3977,3767
2018/1/19,1154,7739,1569.5,4003,3751
2018/1/22,1163,7679,1582,3980,3775
2018/1/23,1176,7740,1586.5,4052,3794
2018/1/24,1172.5,7673,1596,3994,3737
2018/1/25,1169,7594,1575.5,3942,3681
2018/1/26,1182,7608,1560,3933,3681
2018/1/29,1193.5,7643,1566,3947,3665
2018/1/30,1176,7629,1553.5,3925,3649
2018/1/31,1163.5,7480,1529.5,3826,3618
2018/2/1,1171,7618,1535.5,3859,3655
2018/2/2,1173,7626,1549,3890,3648
2018/2/5,1169.5,7501,1540.5,3971,3635
2018/2/6,1151,7286,1505,3810,3580
2018/2/7,1152,7372,1514.5,3840,3615
2018/2/8,1163.5,7551,1513,3873,3720
2018/2/9,1127.5,7465,1512,3795,3781
2018/2/13,1117.5,7276,1515,3730,3748
2018/2/14,1111,7122,1487.5,3687,3683
2018/2/15,1113,7142,1476,3734,3699
2018/2/16,1115.5,7208,1470.5,3774,3684
2018/2/19,1127,7379,1505,3851,3768
2018/2/20,1117,7291,1501,3785,3738
2018/2/21,1121.5,7300,1498.5,3847,3729
2018/2/22,1112,7235,1471,3807,3687
2018/2/23,1119.5,7283,1486.5,3845,3755
2018/2/26,1129,7323,1504.5,3893,3778
2018/2/27,1132.5,7379,1517.5,3972,3819
2018/2/28,1125,7235,1496.5,3885,3780
2018/3/1,1120.5,7084,1474.5,3831,3727
2018/3/2,1105,6916,1431.5,3686,3648
2018/3/5,1108.5,6816,1414.5,3609,3608
2018/3/6,1112.5,6882,1415,3666,3618
2018/3/7,1105,6797,1392,3634,3607
2018/3/8,1113.5,6815,1388.5,3666,3618
2018/3/9,1112,6791,1377.5,3623,3636
2018/3/12,1130.5,6958,1397.5,3739,3665
2018/3/13,1130,6969,1399,3708,3663
2018/3/14,1125.5,6939,1403,3687,3646
2018/3/15,1122,6931,1412.5,3694,3676
2018/3/16,1123.5,6884,1414.5,3678,3624
2018/3/19,1113,6827,1406,3639,3605
2018/3/20,1119.5,6853,1420.5,3642,3616
2018/3/22,1116,6846,1431,3664,3619
2018/3/23,1105,6603,1386,3471,3477
2018/3/26,1105,6642,1386,3487,3482
2018/3/27,1130,6891,1409,3616,3562
2018/3/28,1099.5,6862,1399,3654,3475
2018/3/29,1094.5,6842,1409.5,3641,3489
2018/3/30,1104,6825,1406.5,3660,3487
2018/4/2,1103.5,6779,1405.5,3642,3519
2018/4/3,1098,6730,1398.5,3615,3514
2018/4/4,1109,6739,1417.5,3662,3576
2018/4/5,1108.5,6750,1404,3701,3593
2018/4/6,1115.5,6728,1420,3681,3590
2018/4/9,1118,6741,1429,3688,3571
2018/4/10,1126,6838,1440.5,3784,3593
2018/4/11,1122,6845,1458,3782,3592
2018/4/12,1122,6873,1446,3735,3536
2018/4/13,1125,6910,1458.5,3773,3576
2018/4/16,1129,6936,1460,3782,3577
2018/4/17,1128.5,6892,1459,3757,3599
2018/4/18,1133.5,6937,1466.5,3717,3605
2018/4/19,1135.5,6923,1475.5,3691,3524
2018/4/20,1135,6957,1472,3682,3514
2018/4/23,1135,6970,1478,3675,3542
2018/4/24,1148,7110,1498,3740,3616
2018/4/25,1153,7168,1509.5,3785,3616
2018/4/26,1155,7169,1525,3797,3663
2018/4/27,1151.5,7181,1521.5,3767,3679
2018/5/1,1151.5,7195,1499,3730,3722
2018/5/2,1127.5,7165,1464,3641,3717
2018/5/7,1126.5,7201,1457.5,3619,3684
2018/5/8,1113,7155,1462,3630,3676
2018/5/9,1099,7424,1452.5,3547,3662
2018/5/10,1110.5,7592,1448.5,3550,3692
2018/5/11,1111,7543,1463.5,3623,3607
2018/5/14,1116,7560,1451,3664,3568
2018/5/15,1125.5,7514,1447.5,3645,3550
2018/5/16,1133.5,7551,1457,3640,3559
2018/5/17,1137,7555,1469,3659,3555
2018/5/18,1146,7571,1471,3705,3564
2018/5/21,1144,7562,1483.5,3689,3559
2018/5/22,1144,7527,1486.5,3693,3580
2018/5/23,1138.5,7435,1476.5,3655,3583
2018/5/24,1118.5,7208,1399.5,3531,3494
2018/5/25,1116,7115,1403,3498,3457
2018/5/28,1108,7052,1410,3537,3449
2018/5/29,1108.5,6976,1400,3535,3451
2018/5/30,1085,6841,1371,3418,3406
2018/5/31,1080.5,6921,1370,3447,3330
2018/6/1,1077,7122,1386,3466,3365
2018/6/4,1098.5,7401,1406.5,3549,3444
2018/6/5,1086,7345,1407.5,3509,3437
2018/6/6,1091.5,7474,1409.5,3510,3389
2018/6/7,1103,7527,1429,3536,3466
2018/6/8,1094,7480,1422.5,3517,3420
2018/6/11,1099.5,7492,1409.5,3575,3403
2018/6/12,1101,7397,1416.5,3555,3405
2018/6/13,1104.5,7496,1429.5,3598,3421
2018/6/14,1090,7429,1417,3544,3396
2018/6/15,1091,7562,1425,3533,3389
2018/6/18,1083,7530,1412,3487,3338
2018/6/19,1076,7470,1385,3433,3341
2018/6/20,1081,7448,1383.5,3421,3341
2018/6/21,1079,7396,1378.5,3409,3349
2018/6/22,1078.5,7199,1368.5,3342,3280
2018/6/25,1067.5,7091,1353.5,3310,3184
2018/6/26,1070.5,7081,1361.5,3319,3201
2018/6/27,1072,7039,1352,3225,3207
2018/6/28,1074.5,7116,1358.5,3229,3233
2018/6/29,1078,7170,1360,3253,3225
2018/7/2,1053,7068,1344,3194,3169
2018/7/3,1043,7075,1330.5,3210,3132
2018/7/4,1045.5,7098,1322.5,3188,3117
2018/7/5,1042,7086,1329,3184,3135
2018/7/6,1051.5,7162,1326,3228,3173
2018/7/9,1003.5,7210,1328,3240,3197
2018/7/10,1041.5,7151,1332,3273,3168
2018/7/11,1020,7132,1317,3238,3117
2018/7/12,1022,7234,1324.5,3259,3120
2018/7/13,1028.5,7278,1327.5,3292,3125
2018/7/17,1037,7373,1349.5,3323,3179
2018/7/18,1038.5,7473,1368.5,3332,3218
2018/7/19,1039.5,7457,1363.5,3323,3201
2018/7/20,1034.5,7440,1372,3292,3202
2018/7/23,1027.5,7311,1353,3253,3183
2018/7/24,1032,7365,1362.5,3293,3204
2018/7/25,1035,7323,1364,3327,3215
2018/7/26,1039,7384,1373.5,3343,3231
2018/7/27,1036.5,7456,1375.5,3365,3242
2018/7/30,1055,7493,1386.5,3374,3255
2018/7/31,1055.5,7305,1390,3355,3254
2018/8/1,1064,7399,1394.5,3454,3283
2018/8/2,1047,7282,1345.5,3355,3253
2018/8/3,1043,7220,1333.5,3380,3266
2018/8/6,1049,7133,1336,3392,3232
2018/8/7,1055,7146,1344,3427,3342
2018/8/8,1054,7061,1344.5,3425,3321
2018/8/9,1045.5,6990,1327,3381,3337
2018/8/10,1042,6951,1320,3368,3319
2018/8/13,1030,6805,1294,3272,3260
2018/8/14,1037.5,6864,1298.5,3336,3291
2018/8/15,1033.5,6815,1287.5,3286,3303
2018/8/16,1040,6775,1284.5,3292,3306
2018/8/17,1038,6803,1287,3313,3343
2018/8/20,1040,6760,1279,3314,3338
2018/8/21,1042.5,6724,1274.5,3321,3309
2018/8/22,1057,6879,1296.5,3384,3376
2018/8/23,1036,6802,1289,3318,3338
2018/8/24,1031.5,6830,1272.5,3290,3320
2018/8/27,1039,6966,1287,3335,3320
2018/8/28,1052.5,7026,1309,3377,3347
2018/8/29,1052,7070,1303.5,3395,3340
2018/8/30,1048,7003,1290,3356,3312
2018/8/31,1040,6930,1288.5,3292,3301
2018/9/3,1037,6816,1271.5,3256,3265
2018/9/4,1040.5,6773,1259,3218,3217
2018/9/5,1030,6721,1244,3184,3171
2018/9/6,1027.5,6667,1247,3183,3166
2018/9/7,1021,6596,1232,3173,3089
2018/9/10,1025,6594,1235,3159,3073
2018/9/11,1036.5,6700,1235.5,3174,3061
2018/9/12,1028,6661,1238,3117,3059
2018/9/13,1045.5,6783,1263,3178,3103
2018/9/14,1060,6848,1287,3217,3165
2018/9/18,1074,6960,1310,3284,3231
2018/9/19,1086.5,7019,1322.5,3383,3269
2018/9/20,1090.5,6979,1334,3418,3308
2018/9/21,1105.5,7000,1359,3491,3370
2018/9/25,1100,7122,1353,3516,3400
2018/9/26,1054.5,7030,1334,3427,3316
2018/9/27,1053.5,7008,1340,3407,3403
2018/9/28,1063.5,7095,1364,3439,3480
2018/10/1,1051.5,7060,1358.5,3434,3407
2018/10/2,1056.5,7175,1364.5,3486,3418
2018/10/3,1034.5,6964,1337,3338,3404
2018/10/4,1038.5,7005,1341.5,3346,3474
2018/10/5,1037,7002,1341.5,3326,3454
2018/10/9,1029,6786,1320.5,3223,3372
2018/10/10,1029,6760,1306,3207,3338
2018/10/11,1007,6597,1286,3085,3240
2018/10/12,1007,6608,1286.5,3092,3266
2018/10/15,1000.5,6450,1268,3011,3226
2018/10/16,1010.5,6522,1281,3068,3280
2018/10/17,1009.5,6612,1287,3097,3326
2018/10/18,1006.5,6641,1279,3094,3303
2018/10/19,1001.5,6577,1268.5,3065,3291
2018/10/22,1003.5,6549,1266,3078,3295
2018/10/23,994,6544,1247,3011,3235
2018/10/24,998.3,6578,1248,3019,3008
2018/10/25,979.7,6402,1212,2926.5,2990
2018/10/26,990.9,6534,1192,2977.5,3014
2018/10/29,994.3,6426,1190,2985,3006
2018/10/30,1009,6485,1200,3044,3012
2018/10/31,1027.5,6615,1224,3241,3053
2018/11/1,1024.5,6576,1215.5,3251,3050
2018/11/2,1027.5,6557,1228,3248,3048
2018/11/5,1016.5,6494,1214,3216,2895.5
2018/11/6,1032.5,6630,1229.5,3317,2947
2018/11/7,1021,6639,1220,3229,2886
2018/11/8,1030,6686,1227,3264,2829.5
2018/11/9,1027,6696,1212,3280,2718.5
2018/11/12,1029,6709,1204.5,3282,2674.5
2018/11/13,1008.5,6545,1183,3210,2602
2018/11/14,1022.5,6667,1209.5,3223,2674.5
2018/11/15,1015.5,6640,1208,3206,2630.5
2018/11/16,1010,6591,1186.5,3184,2532.5
2018/11/19,1005.5,6612,1179.5,3179,2526.5
2018/11/20,950.7,6717,1178.5,3166,2551
2018/11/21,954.1,6715,1163,3146,2581.5
2018/11/22,961.5,6821,1178,3158,2611
2018/11/26,978.4,6805,1199,3158,2620
2018/11/27,975.7,6927,1219,3205,2603.5
2018/11/28,971.5,6866,1219.5,3161,2573
2018/11/29,984.7,6894,1227,3142,2575
2018/11/30,994.3,6803,1210,3202,2523
2018/12/3,1006.5,7032,1249.5,3269,2607
2018/12/4,994.6,6911,1235,3191,2555.5
2018/12/5,995.2,6910,1228.5,3115,2532
2018/12/6,973.5,6876,1223.5,3079,2505
2018/12/7,973.3,6858,1240.5,3086,2527
2018/12/10,945,6820,1220.5,3033,2462
2018/12/11,915.7,6745,1204.5,3021,2402
2018/12/12,924.4,6895,1227,3082,2485
2018/12/13,937,6870,1259.5,3114,2530
2018/12/14,932.5,6829,1241,3054,2480.5
2018/12/17,929.9,6840,1232.5,3050,2465.5
2018/12/18,927.9,6775,1229.5,3028,2457.5
2018/12/19,921.5,6762,1233.5,3047,2458
2018/12/20,901.3,6629,1200.5,2964,2371
2018/12/21,882.9,6416,1178,2921.5,2366
2018/12/25,838.1,6079,1083,2756,2210.5
2018/12/26,856.9,6146,1085.5,2781.5,2272.5
2018/12/27,884.8,6415,1142.5,2896.5,2392.5
2018/12/28,880.3,6406,1135,2894.5,2360
2019/1/4,869.8,6346,1109.5,2882.5,2242.5
2019/1/7,893.1,6546,1147,2989,2327
2019/1/8,895,6626,1172.5,3084,2355.5
2019/1/9,898.2,6677,1186.5,3124,2398
2019/1/10,897.8,6704,1173,3095,2390.5
2019/1/11,905.5,6821,1183.5,3170,2419
2019/1/15,903.7,6892,1167,3219,2446.5
2019/1/16,906.3,6844,1166,3210,2497
2019/1/17,907.1,6790,1170.5,3206,2506.5
2019/1/18,913.5,6798,1190,3215,2535
2019/1/21,917.5,6817,1211,3243,2566
2019/1/22,913.8,6784,1204.5,3239,2557.5
2019/1/23,910.3,6720,1194.5,3232,2469.5
2019/1/24,905.5,6725,1206,3234,2487
2019/1/25,927.7,6764,1216,3283,2503.5
2019/1/28,920.3,6689,1210.5,3250,2502.5
2019/1/29,918.5,6676,1196,3245,2530
2019/1/30,913.6,6639,1190,3241,2511
2019/1/31,926.8,6675,1199,3249,2552
2019/2/1,925.3,6655,1201,3245,2535
2019/2/4,933.3,6726,1219,3132,2552.5
2019/2/5,930.9,6752,1215,3054,2540
2019/2/6,930.3,6703,1222,3035,2544.5
2019/2/7,928.1,6575,1300,3002,2697.5
2019/2/8,914.3,6449,1260,2926.5,2655
2019/2/12,931.4,6605,1294,2950,2809.5
2019/2/13,938.3,6625,1307,3001,2807
2019/2/14,944,6618,1296.5,3041,2779
2019/2/15,935,6605,1272.5,2972.5,2793.5
2019/2/18,948.1,6655,1283.5,3003,2853
2019/2/19,945.4,6697,1278.5,3014,2865
2019/2/20,948,6790,1290,3033,2823
2019/2/21,948.6,6731,1289.5,3103,2819.5
2019/2/22,947.6,6720,1286.5,3125,2822.5
2019/2/25,952.8,6774,1298,3151,2844
2019/2/26,958,6795,1302.5,3154,2842
2019/2/27,966.2,6780,1312.5,3176,2846
2019/2/28,962.4,6697,1307.5,3153,2826.5
2019/3/1,963.3,6688,1319.5,3155,2830
2019/3/4,962.5,6628,1307.5,3114,2863
2019/3/5,940.1,6608,1279,3092,2804.5
2019/3/6,938.2,6594,1277.5,3096,2761
2019/3/7,918.9,6584,1251.5,3046,2692.5
2019/3/8,911.5,6531,1221.5,2991.5,2618.5
2019/3/11,921.6,6578,1224.5,3013,2658.5
2019/3/12,930.7,6618,1247.5,3047,2666.5
2019/3/13,929.3,6585,1230,3022,2628
2019/3/14,930.9,6543,1228,3023,2663
2019/3/15,938.5,6615,1238,3057,2686
2019/3/18,950.4,6650,1258,3056,2716
2019/3/19,952,6663,1251.5,3076,2708
2019/3/20,951.4,6721,1256,3090,2712
2019/3/22,957.3,6753,1264.5,3054,2736
2019/3/25,945.4,6610,1239.5,2962.5,2680
2019/3/26,958.5,6760,1271.5,3055,2781.5
2019/3/27,925,6623,1253,3031,2682
2019/3/28,910.4,6514,1242,3002,2593
2019/3/29,908.2,6487,1238.5,2995,2522.5
2019/4/1,924.5,6646,1265,3075,2586.5
2019/4/2,932.7,6689,1291,3110,2621.5
2019/4/3,938.3,6728,1293.5,3135,2664.5
2019/4/4,943.7,6774,1290,3164,2696.5
2019/4/5,944.1,6840,1307.5,3179,2759
2019/4/8,936.3,6788,1295.5,3131,2748
2019-04-09,937.6,6831,1332,3144,2752.5
2019-04-10,926,6795,1316,3111,2735.5
2019-04-11,930.7,6741,1320.5,3074,2777.5
2019-04-12,929,6789,1318,3085,2766.5
2019-04-15,936.4,6831,1314.5,3119,2763.5
2019-04-16,934.7,6815,1315,3138,2798.5
2019-04-17,957.5,6953,1347.5,3170,2842.5
2019-04-18,960.8,6976,1349,3214,2857
2019-04-19,939.3,6958,1345.5,3198,2818.5
2019-04-22,944.5,6963,1336.5,3167,2795
2019-04-23,942.6,6993,1338,3182,2772
2019-04-24,904.9,6891,1322,3094,2732.5
2019-04-25,888.9,6901,1324,3105,2748.5
2019-04-26,893.3,6905,1315.5,3101,2720.5
2019-05-07,878,6824,1305.5,3077,2630.5
2019-05-08,873.7,6759,1298.5,2989.5,2599
2019-05-09,858.4,6545,1292.5,2849.5,2520
2019-05-10,858.5,6537,1263,2832,2453
2019-05-13,865.7,6545,1246,2816.5,2565
2019-05-14,840.2,6529,1220.5,2803,2506
2019-05-15,785.8,6570,1218,2805,2574.5
2019-05-16,787.1,6502,1216.5,2788,2565.5
2019-05-17,780.4,6502,1207,2812,2584.5
2019-05-20,770.1,6527,1204.5,2829.5,2576.5
2019-05-21,771.3,6494,1192.5,2832.5,2585
2019-05-22,756.1,6491,1175,2831.5,2607
2019-05-23,747.6,6499,1157.5,2806.5,2573
2019-05-24,740.6,6502,1162,2790,2581.5
2019-05-27,747.8,6554,1162,2759,2633
2019-05-28,765.1,6604,1170.5,2770,2670.5
2019-05-29,779.2,6581,1157.5,2759,2617.5
2019-05-30,775.8,6571,1143,2769,2590.5
2019-05-31,734.6,6384,1061.5,2651,2522
2019-06-03,744.8,6343,1063.5,2659.5,2539
2019-06-04,758.8,6368,1082,2717,2628
2019-06-05,762.9,6530,1121,2795,2592
2019-06-06,749.9,6547,1115,2740.5,2608.5
2019-06-07,761,6588,1116.5,2738,2608.5
2019-06-10,767.4,6706,1128.5,2780,2622.5
2019-06-11,770.1,6779,1140.5,2787.5,2640
2019-06-12,765.6,6818,1118.5,2776.5,2601.5
2019-06-13,756.8,6726,1104,2754.5,2559.5
2019-06-14,755.5,6743,1105,2755,2562.5
2019-06-17,757.9,6727,1104,2775,2568.5
2019-06-18,752.5,6719,1110,2766,2545.5
2019-06-19,763,6772,1134,2824,2586
2019-06-20,762.1,6740,1116.5,2771,2569
2019-06-21,766.3,6687,1108,2766,2494.5
2019-06-24,766.5,6693,1119.5,2785.5,2532.5
2019-06-25,764.3,6651,1106.5,2765.5,2516
2019-06-26,761.2,6613,1107.5,2731,2508
2019-06-27,777.8,6674,1123.5,2788.5,2620.5
2019-06-28,771.6,6688,1124.5,2785,2619
2019-07-01,789.6,6874,1146,2845,2733.5
2019-07-02,786.7,6884,1138,2837,2725.5
2019-07-03,770.6,6821,1119.5,2790,2729
2019-07-04,772.8,6868,1123,2807.5,2759
2019-07-05,773.4,6889,1121,2836.5,2816
2019-07-08,770.5,6888,1118.5,2837,2816
2019-07-09,772.7,6915,1115,2852.5,2789
2019-07-10,773.7,6908,1113,2859.5,2766.5
2019-07-11,776.3,6865,1115.5,2844,2747
2019-07-12,775.4,6910,1115,2847,2752.5
2019-07-16,774.1,7000,1113,2836.5,2715.5
2019-07-17,768,7027,1111,2806,2680.5
2019-07-18,750.5,6975,1086,2751.5,2625
2019-07-19,764.6,7121,1103,2808,2668.5
2019-07-22,766.7,7091,1101.5,2802,2663.5
2019-07-23,774.2,7100,1104,2814.5,2679.5
2019-07-24,781.6,7197,1110,2850.5,2681
2019-07-25,765.6,7222,1112,2843,2683.5
2019-07-26,741,7151,1095.5,2785.5,2624.5
2019-07-29,720.1,7148,1093,2763.5,2582.5
2019-07-30,727.6,7180,1098.5,2772,2577
2019-07-31,710.8,7024,1079,2710.5,2544.5
2019-08-01,709.4,7092,1072.5,2722.5,2529
2019-08-02,691.7,6929,1001.5,2613,2458
2019-08-05,661.9,6886,958.8,2566,2553.5
2019-08-06,684.1,6720,971.6,2560.5,2760
2019-08-07,678.9,6791,944.8,2536.5,2809
2019-08-08,672,6810,925,2535,2750
2019-08-09,675.7,6837,924.9,2542,2761
2019-08-13,660.9,6790,881.1,2482,2661.5
2019-08-14,662.5,6853,895.2,2495.5,2739.5
2019-08-15,655.1,6795,879.7,2460,2720
2019-08-16,658.8,6790,885.3,2458.5,2707.5
2019-08-19,663.4,6873,897.3,2472,2716.5
2019-08-20,669.3,6909,891.6,2495,2725.5
2019-08-21,659.1,6909,862.8,2480.5,2726
2019-08-22,663.5,6906,877.3,2476,2753.5
2019-08-23,658.9,6916,885.5,2488.5,2797
2019-08-26,648.8,6869,865.7,2453,2739
2019-08-27,647.3,6919,870.4,2484,2874
2019-08-28,648.4,6889,880.5,2490,2868.5
2019-08-29,645.2,6890,872.3,2470,2855
2019-08-30,656.4,6960,892.2,2523.5,2846
2019-09-02,647.7,6952,872,2532.5,2850
2019-09-03,656.3,7005,882.2,2563,2919
2019-09-04,644.9,6956,872.6,2577,2869
2019-09-05,657.7,7000,902.5,2654,2910.5
2019-09-06,674,7030,926.3,2734,2935
2019-09-10,697.5,7183,974.8,2791,3014
2019-09-11,718.4,7355,1007.5,2895.5,3082
2019-09-12,711.1,7339,1007.5,2929.5,3097
2019-09-13,713.5,7396,1008.5,2933,3075
2019-09-17,716.7,7445,1007.5,2928,3091
2019-09-18,713.9,7420,990.7,2897,3082
2019-09-19,713.7,7364,981.3,2885.5,3063
2019-09-20,709.3,7403,976.5,2905.5,3035
2019-09-24,702.2,7461,975.5,2858.5,3036
2019-09-25,705.7,7342,975.7,2860,3061
2019-09-26,711.8,7426,987.2,2898.5,3128
2019-09-27,685.9,7369,963.2,2840,3105
2019-09-30,674.1,7216,959.5,2798.5,3040
2019-10-01,694.2,7246,992.4,2868.5,2997
2019-10-02,675.5,7159,957.6,2818,2932
2019-10-03,657.9,6982,934,2742.5,2883
2019-10-04,660.1,6995,941.2,2755,2901
2019-10-07,657.1,6986,945.7,2730,2895.5
2019-10-08,660.8,7087,951.9,2724,2936
2019-10-09,653.5,7125,937.5,2743,2923.5
2019-10-10,656.5,7108,938.7,2765,2930
2019-10-11,668.7,7269,966.1,2828.5,2982.5
2019-10-15,680.5,7385,980.4,2899.5,3056
2019-10-16,688.8,7455,987.4,2920,3051
2019-10-17,685.1,7383,999.1,2909.5,3036
2019-10-18,689.3,7368,991,2908.5,3046
2019-10-21,682.6,7400,987.4,2895,3038
2019-10-23,671,7420,989.9,2877,3054
2019-10-24,678.5,7486,998,2931,3078
2019-10-25,681.5,7482,996.8,2925.5,3038
2019-10-28,680.6,7483,1002.5,2950,3040
2019-10-29,696.6,7546,1025.5,3006,3089
2019-10-30,689,7554,1009,2986.5,3110
2019-10-31,689.4,7542,1005,2942,3123
2019-11-01,696.4,7551,993,2954.5,3122
2019-11-05,702.8,7648,1014,3022,3136
2019-11-06,703,7649,1018,3031,3116
2019-11-07,697.3,7736,1002,3014,3083
2019-11-08,710,7905,1010,3072,3023
2019-11-11,707.4,7929,1003,3201,3014
2019-11-12,714.5,7896,1005,3229,3040
2019-11-13,710.9,7889,1000,3209,3042
2019-11-14,686.3,7795,978,3139,2997.5
2019-11-15,681.5,7826,973,3150,2990.5
2019-11-18,680.7,7836,975,3157,2925
2019-11-19,680.3,7754,969,3134,2915
2019-11-20,670.8,7688,952,3092,2903
2019-11-21,664,7716,957,3103,2934
